period,history,scenario,scenarioDescription,tableId,tableName,seriesId,seriesName,regionId,regionName,value,unit,aeo_vintage
2035,PROJECTION,ref2010,Reference case,3,Energy Prices by Sector and Source,prce_ene_elep_NA_ng_NA_NA_y08dlrpmmbtu,Energy Prices: Electric Power: Natural Gas,1-0,United States,8.462498,2008 $/mill Btu,2010
2034,PROJECTION,ref2010,Reference case,3,Energy Prices by Sector and Source,prce_ene_elep_NA_ng_NA_NA_y08dlrpmmbtu,Energy Prices: Electric Power: Natural Gas,1-0,United States,8.352587,2008 $/mill Btu,2010
2033,PROJECTION,ref2010,Reference case,3,Energy Prices by Sector and Source,prce_ene_elep_NA_ng_NA_NA_y08dlrpmmbtu,Energy Prices: Electric Power: Natural Gas,1-0,United States,8.168184,2008 $/mill Btu,2010
2032,PROJECTION,ref2010,Reference case,3,Energy Prices by Sector and Source,prce_ene_elep_NA_ng_NA_NA_y08dlrpmmbtu,Energy Prices: Electric Power: Natural Gas,1-0,United States,8.136362,2008 $/mill Btu,2010
2031,PROJECTION,ref2010,Reference case,3,Energy Prices by Sector and Source,prce_ene_elep_NA_ng_NA_NA_y08dlrpmmbtu,Energy Prices: Electric Power: Natural Gas,1-0,United States,8.024628,2008 $/mill Btu,2010
2030,PROJECTION,ref2010,Reference case,3,Energy Prices by Sector and Source,prce_ene_elep_NA_ng_NA_NA_y08dlrpmmbtu,Energy Prices: Electric Power: Natural Gas,1-0,United States,7.726853,2008 $/mill Btu,2010
2029,PROJECTION,ref2010,Reference case,3,Energy Prices by Sector and Source,prce_ene_elep_NA_ng_NA_NA_y08dlrpmmbtu,Energy Prices: Electric Power: Natural Gas,1-0,United States,7.509984,2008 $/mill Btu,2010
2028,PROJECTION,ref2010,Reference case,3,Energy Prices by Sector and Source,prce_ene_elep_NA_ng_NA_NA_y08dlrpmmbtu,Energy Prices: Electric Power: Natural Gas,1-0,United States,7.274443,2008 $/mill Btu,2010
2027,PROJECTION,ref2010,Reference case,3,Energy Prices by Sector and Source,prce_ene_elep_NA_ng_NA_NA_y08dlrpmmbtu,Energy Prices: Electric Power: Natural Gas,1-0,United States,7.048299,2008 $/mill Btu,2010
2026,PROJECTION,ref2010,Reference case,3,Energy Prices by Sector and Source,prce_ene_elep_NA_ng_NA_NA_y08dlrpmmbtu,Energy Prices: Electric Power: Natural Gas,1-0,United States,6.910366,2008 $/mill Btu,2010
2025,PROJECTION,ref2010,Reference case,3,Energy Prices by Sector and Source,prce_ene_elep_NA_ng_NA_NA_y08dlrpmmbtu,Energy Prices: Electric Power: Natural Gas,1-0,United States,6.753357,2008 $/mill Btu,2010
2024,PROJECTION,ref2010,Reference case,3,Energy Prices by Sector and Source,prce_ene_elep_NA_ng_NA_NA_y08dlrpmmbtu,Energy Prices: Electric Power: Natural Gas,1-0,United States,6.698615,2008 $/mill Btu,2010
2023,PROJECTION,ref2010,Reference case,3,Energy Prices by Sector and Source,prce_ene_elep_NA_ng_NA_NA_y08dlrpmmbtu,Energy Prices: Electric Power: Natural Gas,1-0,United States,6.742034,2008 $/mill Btu,2010
2022,PROJECTION,ref2010,Reference case,3,Energy Prices by Sector and Source,prce_ene_elep_NA_ng_NA_NA_y08dlrpmmbtu,Energy Prices: Electric Power: Natural Gas,1-0,United States,6.6949,2008 $/mill Btu,2010
2021,PROJECTION,ref2010,Reference case,3,Energy Prices by Sector and Source,prce_ene_elep_NA_ng_NA_NA_y08dlrpmmbtu,Energy Prices: Electric Power: Natural Gas,1-0,United States,6.515566,2008 $/mill Btu,2010
2020,PROJECTION,ref2010,Reference case,3,Energy Prices by Sector and Source,prce_ene_elep_NA_ng_NA_NA_y08dlrpmmbtu,Energy Prices: Electric Power: Natural Gas,1-0,United States,6.419466,2008 $/mill Btu,2010
2019,PROJECTION,ref2010,Reference case,3,Energy Prices by Sector and Source,prce_ene_elep_NA_ng_NA_NA_y08dlrpmmbtu,Energy Prices: Electric Power: Natural Gas,1-0,United States,6.285028,2008 $/mill Btu,2010
2018,PROJECTION,ref2010,Reference case,3,Energy Prices by Sector and Source,prce_ene_elep_NA_ng_NA_NA_y08dlrpmmbtu,Energy Prices: Electric Power: Natural Gas,1-0,United States,6.219149,2008 $/mill Btu,2010
2017,PROJECTION,ref2010,Reference case,3,Energy Prices by Sector and Source,prce_ene_elep_NA_ng_NA_NA_y08dlrpmmbtu,Energy Prices: Electric Power: Natural Gas,1-0,United States,6.172436,2008 $/mill Btu,2010
2016,PROJECTION,ref2010,Reference case,3,Energy Prices by Sector and Source,prce_ene_elep_NA_ng_NA_NA_y08dlrpmmbtu,Energy Prices: Electric Power: Natural Gas,1-0,United States,6.162697,2008 $/mill Btu,2010
2015,PROJECTION,ref2010,Reference case,3,Energy Prices by Sector and Source,prce_ene_elep_NA_ng_NA_NA_y08dlrpmmbtu,Energy Prices: Electric Power: Natural Gas,1-0,United States,6.077777,2008 $/mill Btu,2010
2014,PROJECTION,ref2010,Reference case,3,Energy Prices by Sector and Source,prce_ene_elep_NA_ng_NA_NA_y08dlrpmmbtu,Energy Prices: Electric Power: Natural Gas,1-0,United States,5.90053,2008 $/mill Btu,2010
2013,PROJECTION,ref2010,Reference case,3,Energy Prices by Sector and Source,prce_ene_elep_NA_ng_NA_NA_y08dlrpmmbtu,Energy Prices: Electric Power: Natural Gas,1-0,United States,5.940333,2008 $/mill Btu,2010
2012,PROJECTION,ref2010,Reference case,3,Energy Prices by Sector and Source,prce_ene_elep_NA_ng_NA_NA_y08dlrpmmbtu,Energy Prices: Electric Power: Natural Gas,1-0,United States,6.170367,2008 $/mill Btu,2010
2011,PROJECTION,ref2010,Reference case,3,Energy Prices by Sector and Source,prce_ene_elep_NA_ng_NA_NA_y08dlrpmmbtu,Energy Prices: Electric Power: Natural Gas,1-0,United States,5.821139,2008 $/mill Btu,2010
2010,PROJECTION,ref2010,Reference case,3,Energy Prices by Sector and Source,prce_ene_elep_NA_ng_NA_NA_y08dlrpmmbtu,Energy Prices: Electric Power: Natural Gas,1-0,United States,4.846521,2008 $/mill Btu,2010
2009,HISTORIC,ref2010,Reference case,3,Energy Prices by Sector and Source,prce_ene_elep_NA_ng_NA_NA_y08dlrpmmbtu,Energy Prices: Electric Power: Natural Gas,1-0,United States,4.135658,2008 $/mill Btu,2010
2008,HISTORIC,ref2010,Reference case,3,Energy Prices by Sector and Source,prce_ene_elep_NA_ng_NA_NA_y08dlrpmmbtu,Energy Prices: Electric Power: Natural Gas,1-0,United States,9.094496,2008 $/mill Btu,2010
2007,HISTORIC,ref2010,Reference case,3,Energy Prices by Sector and Source,prce_ene_elep_NA_ng_NA_NA_y08dlrpmmbtu,Energy Prices: Electric Power: Natural Gas,1-0,United States,7.25853,2008 $/mill Btu,2010
2035,PROJECTION,ref2011,Reference case,3,Energy Prices by Sector and Source,prce_ene_elep_NA_ng_NA_NA_y09dlrpmmbtu,Energy Prices: Electric Power: Natural Gas,1-0,United States,6.804125,2009 $/mill Btu,2011
2034,PROJECTION,ref2011,Reference case,3,Energy Prices by Sector and Source,prce_ene_elep_NA_ng_NA_NA_y09dlrpmmbtu,Energy Prices: Electric Power: Natural Gas,1-0,United States,6.627981,2009 $/mill Btu,2011
2033,PROJECTION,ref2011,Reference case,3,Energy Prices by Sector and Source,prce_ene_elep_NA_ng_NA_NA_y09dlrpmmbtu,Energy Prices: Electric Power: Natural Gas,1-0,United States,6.502253,2009 $/mill Btu,2011
2032,PROJECTION,ref2011,Reference case,3,Energy Prices by Sector and Source,prce_ene_elep_NA_ng_NA_NA_y09dlrpmmbtu,Energy Prices: Electric Power: Natural Gas,1-0,United States,6.395073,2009 $/mill Btu,2011
2031,PROJECTION,ref2011,Reference case,3,Energy Prices by Sector and Source,prce_ene_elep_NA_ng_NA_NA_y09dlrpmmbtu,Energy Prices: Electric Power: Natural Gas,1-0,United States,6.290154,2009 $/mill Btu,2011
2030,PROJECTION,ref2011,Reference case,3,Energy Prices by Sector and Source,prce_ene_elep_NA_ng_NA_NA_y09dlrpmmbtu,Energy Prices: Electric Power: Natural Gas,1-0,United States,6.205585,2009 $/mill Btu,2011
2029,PROJECTION,ref2011,Reference case,3,Energy Prices by Sector and Source,prce_ene_elep_NA_ng_NA_NA_y09dlrpmmbtu,Energy Prices: Electric Power: Natural Gas,1-0,United States,6.145435,2009 $/mill Btu,2011
2028,PROJECTION,ref2011,Reference case,3,Energy Prices by Sector and Source,prce_ene_elep_NA_ng_NA_NA_y09dlrpmmbtu,Energy Prices: Electric Power: Natural Gas,1-0,United States,6.092358,2009 $/mill Btu,2011
2027,PROJECTION,ref2011,Reference case,3,Energy Prices by Sector and Source,prce_ene_elep_NA_ng_NA_NA_y09dlrpmmbtu,Energy Prices: Electric Power: Natural Gas,1-0,United States,6.007294,2009 $/mill Btu,2011
2026,PROJECTION,ref2011,Reference case,3,Energy Prices by Sector and Source,prce_ene_elep_NA_ng_NA_NA_y09dlrpmmbtu,Energy Prices: Electric Power: Natural Gas,1-0,United States,5.876594,2009 $/mill Btu,2011
2025,PROJECTION,ref2011,Reference case,3,Energy Prices by Sector and Source,prce_ene_elep_NA_ng_NA_NA_y09dlrpmmbtu,Energy Prices: Electric Power: Natural Gas,1-0,United States,5.76257,2009 $/mill Btu,2011
2024,PROJECTION,ref2011,Reference case,3,Energy Prices by Sector and Source,prce_ene_elep_NA_ng_NA_NA_y09dlrpmmbtu,Energy Prices: Electric Power: Natural Gas,1-0,United States,5.597139,2009 $/mill Btu,2011
2023,PROJECTION,ref2011,Reference case,3,Energy Prices by Sector and Source,prce_ene_elep_NA_ng_NA_NA_y09dlrpmmbtu,Energy Prices: Electric Power: Natural Gas,1-0,United States,5.436616,2009 $/mill Btu,2011
2022,PROJECTION,ref2011,Reference case,3,Energy Prices by Sector and Source,prce_ene_elep_NA_ng_NA_NA_y09dlrpmmbtu,Energy Prices: Electric Power: Natural Gas,1-0,United States,5.282826,2009 $/mill Btu,2011
2021,PROJECTION,ref2011,Reference case,3,Energy Prices by Sector and Source,prce_ene_elep_NA_ng_NA_NA_y09dlrpmmbtu,Energy Prices: Electric Power: Natural Gas,1-0,United States,5.14838,2009 $/mill Btu,2011
2020,PROJECTION,ref2011,Reference case,3,Energy Prices by Sector and Source,prce_ene_elep_NA_ng_NA_NA_y09dlrpmmbtu,Energy Prices: Electric Power: Natural Gas,1-0,United States,5.007371,2009 $/mill Btu,2011
2019,PROJECTION,ref2011,Reference case,3,Energy Prices by Sector and Source,prce_ene_elep_NA_ng_NA_NA_y09dlrpmmbtu,Energy Prices: Electric Power: Natural Gas,1-0,United States,4.868899,2009 $/mill Btu,2011
2018,PROJECTION,ref2011,Reference case,3,Energy Prices by Sector and Source,prce_ene_elep_NA_ng_NA_NA_y09dlrpmmbtu,Energy Prices: Electric Power: Natural Gas,1-0,United States,4.803939,2009 $/mill Btu,2011
2017,PROJECTION,ref2011,Reference case,3,Energy Prices by Sector and Source,prce_ene_elep_NA_ng_NA_NA_y09dlrpmmbtu,Energy Prices: Electric Power: Natural Gas,1-0,United States,4.751723,2009 $/mill Btu,2011
2016,PROJECTION,ref2011,Reference case,3,Energy Prices by Sector and Source,prce_ene_elep_NA_ng_NA_NA_y09dlrpmmbtu,Energy Prices: Electric Power: Natural Gas,1-0,United States,4.711634,2009 $/mill Btu,2011
2015,PROJECTION,ref2011,Reference case,3,Energy Prices by Sector and Source,prce_ene_elep_NA_ng_NA_NA_y09dlrpmmbtu,Energy Prices: Electric Power: Natural Gas,1-0,United States,4.670054,2009 $/mill Btu,2011
2014,PROJECTION,ref2011,Reference case,3,Energy Prices by Sector and Source,prce_ene_elep_NA_ng_NA_NA_y09dlrpmmbtu,Energy Prices: Electric Power: Natural Gas,1-0,United States,4.597526,2009 $/mill Btu,2011
2013,PROJECTION,ref2011,Reference case,3,Energy Prices by Sector and Source,prce_ene_elep_NA_ng_NA_NA_y09dlrpmmbtu,Energy Prices: Electric Power: Natural Gas,1-0,United States,4.638232,2009 $/mill Btu,2011
2012,PROJECTION,ref2011,Reference case,3,Energy Prices by Sector and Source,prce_ene_elep_NA_ng_NA_NA_y09dlrpmmbtu,Energy Prices: Electric Power: Natural Gas,1-0,United States,4.648548,2009 $/mill Btu,2011
2011,PROJECTION,ref2011,Reference case,3,Energy Prices by Sector and Source,prce_ene_elep_NA_ng_NA_NA_y09dlrpmmbtu,Energy Prices: Electric Power: Natural Gas,1-0,United States,4.718506,2009 $/mill Btu,2011
2010,HISTORIC,ref2011,Reference case,3,Energy Prices by Sector and Source,prce_ene_elep_NA_ng_NA_NA_y09dlrpmmbtu,Energy Prices: Electric Power: Natural Gas,1-0,United States,5.071375,2009 $/mill Btu,2011
2009,HISTORIC,ref2011,Reference case,3,Energy Prices by Sector and Source,prce_ene_elep_NA_ng_NA_NA_y09dlrpmmbtu,Energy Prices: Electric Power: Natural Gas,1-0,United States,4.819802,2009 $/mill Btu,2011
2008,HISTORIC,ref2011,Reference case,3,Energy Prices by Sector and Source,prce_ene_elep_NA_ng_NA_NA_y09dlrpmmbtu,Energy Prices: Electric Power: Natural Gas,1-0,United States,9.102598,2009 $/mill Btu,2011
2035,PROJECTION,ref2012,Reference case,3,Energy Prices by Sector and Source,prce_ene_elep_NA_ng_NA_NA_y10dlrpmmbtu,Energy Prices: Electric Power: Natural Gas,1-0,United States,7.210584,2010 $/mill Btu,2012
2034,PROJECTION,ref2012,Reference case,3,Energy Prices by Sector and Source,prce_ene_elep_NA_ng_NA_NA_y10dlrpmmbtu,Energy Prices: Electric Power: Natural Gas,1-0,United States,6.939132,2010 $/mill Btu,2012
2033,PROJECTION,ref2012,Reference case,3,Energy Prices by Sector and Source,prce_ene_elep_NA_ng_NA_NA_y10dlrpmmbtu,Energy Prices: Electric Power: Natural Gas,1-0,United States,6.618011,2010 $/mill Btu,2012
2032,PROJECTION,ref2012,Reference case,3,Energy Prices by Sector and Source,prce_ene_elep_NA_ng_NA_NA_y10dlrpmmbtu,Energy Prices: Electric Power: Natural Gas,1-0,United States,6.49536,2010 $/mill Btu,2012
2031,PROJECTION,ref2012,Reference case,3,Energy Prices by Sector and Source,prce_ene_elep_NA_ng_NA_NA_y10dlrpmmbtu,Energy Prices: Electric Power: Natural Gas,1-0,United States,6.343962,2010 $/mill Btu,2012
2030,PROJECTION,ref2012,Reference case,3,Energy Prices by Sector and Source,prce_ene_elep_NA_ng_NA_NA_y10dlrpmmbtu,Energy Prices: Electric Power: Natural Gas,1-0,United States,6.208866,2010 $/mill Btu,2012
2029,PROJECTION,ref2012,Reference case,3,Energy Prices by Sector and Source,prce_ene_elep_NA_ng_NA_NA_y10dlrpmmbtu,Energy Prices: Electric Power: Natural Gas,1-0,United States,6.078516,2010 $/mill Btu,2012
2028,PROJECTION,ref2012,Reference case,3,Energy Prices by Sector and Source,prce_ene_elep_NA_ng_NA_NA_y10dlrpmmbtu,Energy Prices: Electric Power: Natural Gas,1-0,United States,5.963019,2010 $/mill Btu,2012
2027,PROJECTION,ref2012,Reference case,3,Energy Prices by Sector and Source,prce_ene_elep_NA_ng_NA_NA_y10dlrpmmbtu,Energy Prices: Electric Power: Natural Gas,1-0,United States,5.875828,2010 $/mill Btu,2012
2026,PROJECTION,ref2012,Reference case,3,Energy Prices by Sector and Source,prce_ene_elep_NA_ng_NA_NA_y10dlrpmmbtu,Energy Prices: Electric Power: Natural Gas,1-0,United States,5.737723,2010 $/mill Btu,2012
2025,PROJECTION,ref2012,Reference case,3,Energy Prices by Sector and Source,prce_ene_elep_NA_ng_NA_NA_y10dlrpmmbtu,Energy Prices: Electric Power: Natural Gas,1-0,United States,5.603992,2010 $/mill Btu,2012
2024,PROJECTION,ref2012,Reference case,3,Energy Prices by Sector and Source,prce_ene_elep_NA_ng_NA_NA_y10dlrpmmbtu,Energy Prices: Electric Power: Natural Gas,1-0,United States,5.463514,2010 $/mill Btu,2012
2023,PROJECTION,ref2012,Reference case,3,Energy Prices by Sector and Source,prce_ene_elep_NA_ng_NA_NA_y10dlrpmmbtu,Energy Prices: Electric Power: Natural Gas,1-0,United States,5.347882,2010 $/mill Btu,2012
2022,PROJECTION,ref2012,Reference case,3,Energy Prices by Sector and Source,prce_ene_elep_NA_ng_NA_NA_y10dlrpmmbtu,Energy Prices: Electric Power: Natural Gas,1-0,United States,5.168224,2010 $/mill Btu,2012
2021,PROJECTION,ref2012,Reference case,3,Energy Prices by Sector and Source,prce_ene_elep_NA_ng_NA_NA_y10dlrpmmbtu,Energy Prices: Electric Power: Natural Gas,1-0,United States,4.927545,2010 $/mill Btu,2012
2020,PROJECTION,ref2012,Reference case,3,Energy Prices by Sector and Source,prce_ene_elep_NA_ng_NA_NA_y10dlrpmmbtu,Energy Prices: Electric Power: Natural Gas,1-0,United States,4.721494,2010 $/mill Btu,2012
2019,PROJECTION,ref2012,Reference case,3,Energy Prices by Sector and Source,prce_ene_elep_NA_ng_NA_NA_y10dlrpmmbtu,Energy Prices: Electric Power: Natural Gas,1-0,United States,4.613189,2010 $/mill Btu,2012
2018,PROJECTION,ref2012,Reference case,3,Energy Prices by Sector and Source,prce_ene_elep_NA_ng_NA_NA_y10dlrpmmbtu,Energy Prices: Electric Power: Natural Gas,1-0,United States,4.515507,2010 $/mill Btu,2012
2017,PROJECTION,ref2012,Reference case,3,Energy Prices by Sector and Source,prce_ene_elep_NA_ng_NA_NA_y10dlrpmmbtu,Energy Prices: Electric Power: Natural Gas,1-0,United States,4.47869,2010 $/mill Btu,2012
2016,PROJECTION,ref2012,Reference case,3,Energy Prices by Sector and Source,prce_ene_elep_NA_ng_NA_NA_y10dlrpmmbtu,Energy Prices: Electric Power: Natural Gas,1-0,United States,4.488538,2010 $/mill Btu,2012
2015,PROJECTION,ref2012,Reference case,3,Energy Prices by Sector and Source,prce_ene_elep_NA_ng_NA_NA_y10dlrpmmbtu,Energy Prices: Electric Power: Natural Gas,1-0,United States,4.548755,2010 $/mill Btu,2012
2014,PROJECTION,ref2012,Reference case,3,Energy Prices by Sector and Source,prce_ene_elep_NA_ng_NA_NA_y10dlrpmmbtu,Energy Prices: Electric Power: Natural Gas,1-0,United States,4.389512,2010 $/mill Btu,2012
2013,PROJECTION,ref2012,Reference case,3,Energy Prices by Sector and Source,prce_ene_elep_NA_ng_NA_NA_y10dlrpmmbtu,Energy Prices: Electric Power: Natural Gas,1-0,United States,4.424342,2010 $/mill Btu,2012
2012,PROJECTION,ref2012,Reference case,3,Energy Prices by Sector and Source,prce_ene_elep_NA_ng_NA_NA_y10dlrpmmbtu,Energy Prices: Electric Power: Natural Gas,1-0,United States,4.354831,2010 $/mill Btu,2012
2011,HISTORIC,ref2012,Reference case,3,Energy Prices by Sector and Source,prce_ene_elep_NA_ng_NA_NA_y10dlrpmmbtu,Energy Prices: Electric Power: Natural Gas,1-0,United States,4.664394,2010 $/mill Btu,2012
2010,HISTORIC,ref2012,Reference case,3,Energy Prices by Sector and Source,prce_ene_elep_NA_ng_NA_NA_y10dlrpmmbtu,Energy Prices: Electric Power: Natural Gas,1-0,United States,5.138942,2010 $/mill Btu,2012
2009,HISTORIC,ref2012,Reference case,3,Energy Prices by Sector and Source,prce_ene_elep_NA_ng_NA_NA_y10dlrpmmbtu,Energy Prices: Electric Power: Natural Gas,1-0,United States,4.853091,2010 $/mill Btu,2012
2040,PROJECTION,ref2013,Reference case,3,Energy Prices by Sector and Source,prce_ene_elep_NA_ng_NA_NA_y11dlrpmmbtu,Energy Prices: Electric Power: Natural Gas,1-0,United States,8.377783,2011 $/mill Btu,2013
2039,PROJECTION,ref2013,Reference case,3,Energy Prices by Sector and Source,prce_ene_elep_NA_ng_NA_NA_y11dlrpmmbtu,Energy Prices: Electric Power: Natural Gas,1-0,United States,8.154988,2011 $/mill Btu,2013
2038,PROJECTION,ref2013,Reference case,3,Energy Prices by Sector and Source,prce_ene_elep_NA_ng_NA_NA_y11dlrpmmbtu,Energy Prices: Electric Power: Natural Gas,1-0,United States,8.02198,2011 $/mill Btu,2013
2037,PROJECTION,ref2013,Reference case,3,Energy Prices by Sector and Source,prce_ene_elep_NA_ng_NA_NA_y11dlrpmmbtu,Energy Prices: Electric Power: Natural Gas,1-0,United States,7.674949,2011 $/mill Btu,2013
2036,PROJECTION,ref2013,Reference case,3,Energy Prices by Sector and Source,prce_ene_elep_NA_ng_NA_NA_y11dlrpmmbtu,Energy Prices: Electric Power: Natural Gas,1-0,United States,7.345173,2011 $/mill Btu,2013
2035,PROJECTION,ref2013,Reference case,3,Energy Prices by Sector and Source,prce_ene_elep_NA_ng_NA_NA_y11dlrpmmbtu,Energy Prices: Electric Power: Natural Gas,1-0,United States,6.980446,2011 $/mill Btu,2013
2034,PROJECTION,ref2013,Reference case,3,Energy Prices by Sector and Source,prce_ene_elep_NA_ng_NA_NA_y11dlrpmmbtu,Energy Prices: Electric Power: Natural Gas,1-0,United States,6.698348,2011 $/mill Btu,2013
2033,PROJECTION,ref2013,Reference case,3,Energy Prices by Sector and Source,prce_ene_elep_NA_ng_NA_NA_y11dlrpmmbtu,Energy Prices: Electric Power: Natural Gas,1-0,United States,6.445873,2011 $/mill Btu,2013
2032,PROJECTION,ref2013,Reference case,3,Energy Prices by Sector and Source,prce_ene_elep_NA_ng_NA_NA_y11dlrpmmbtu,Energy Prices: Electric Power: Natural Gas,1-0,United States,6.293178,2011 $/mill Btu,2013
2031,PROJECTION,ref2013,Reference case,3,Energy Prices by Sector and Source,prce_ene_elep_NA_ng_NA_NA_y11dlrpmmbtu,Energy Prices: Electric Power: Natural Gas,1-0,United States,6.183682,2011 $/mill Btu,2013
2030,PROJECTION,ref2013,Reference case,3,Energy Prices by Sector and Source,prce_ene_elep_NA_ng_NA_NA_y11dlrpmmbtu,Energy Prices: Electric Power: Natural Gas,1-0,United States,6.05285,2011 $/mill Btu,2013
2029,PROJECTION,ref2013,Reference case,3,Energy Prices by Sector and Source,prce_ene_elep_NA_ng_NA_NA_y11dlrpmmbtu,Energy Prices: Electric Power: Natural Gas,1-0,United States,5.965019,2011 $/mill Btu,2013
2028,PROJECTION,ref2013,Reference case,3,Energy Prices by Sector and Source,prce_ene_elep_NA_ng_NA_NA_y11dlrpmmbtu,Energy Prices: Electric Power: Natural Gas,1-0,United States,5.866844,2011 $/mill Btu,2013
2027,PROJECTION,ref2013,Reference case,3,Energy Prices by Sector and Source,prce_ene_elep_NA_ng_NA_NA_y11dlrpmmbtu,Energy Prices: Electric Power: Natural Gas,1-0,United States,5.760772,2011 $/mill Btu,2013
2026,PROJECTION,ref2013,Reference case,3,Energy Prices by Sector and Source,prce_ene_elep_NA_ng_NA_NA_y11dlrpmmbtu,Energy Prices: Electric Power: Natural Gas,1-0,United States,5.708808,2011 $/mill Btu,2013
2025,PROJECTION,ref2013,Reference case,3,Energy Prices by Sector and Source,prce_ene_elep_NA_ng_NA_NA_y11dlrpmmbtu,Energy Prices: Electric Power: Natural Gas,1-0,United States,5.577961,2011 $/mill Btu,2013
2024,PROJECTION,ref2013,Reference case,3,Energy Prices by Sector and Source,prce_ene_elep_NA_ng_NA_NA_y11dlrpmmbtu,Energy Prices: Electric Power: Natural Gas,1-0,United States,5.517935,2011 $/mill Btu,2013
2023,PROJECTION,ref2013,Reference case,3,Energy Prices by Sector and Source,prce_ene_elep_NA_ng_NA_NA_y11dlrpmmbtu,Energy Prices: Electric Power: Natural Gas,1-0,United States,5.388776,2011 $/mill Btu,2013
2022,PROJECTION,ref2013,Reference case,3,Energy Prices by Sector and Source,prce_ene_elep_NA_ng_NA_NA_y11dlrpmmbtu,Energy Prices: Electric Power: Natural Gas,1-0,United States,5.20235,2011 $/mill Btu,2013
2021,PROJECTION,ref2013,Reference case,3,Energy Prices by Sector and Source,prce_ene_elep_NA_ng_NA_NA_y11dlrpmmbtu,Energy Prices: Electric Power: Natural Gas,1-0,United States,5.007419,2011 $/mill Btu,2013
2020,PROJECTION,ref2013,Reference case,3,Energy Prices by Sector and Source,prce_ene_elep_NA_ng_NA_NA_y11dlrpmmbtu,Energy Prices: Electric Power: Natural Gas,1-0,United States,4.896759,2011 $/mill Btu,2013
2019,PROJECTION,ref2013,Reference case,3,Energy Prices by Sector and Source,prce_ene_elep_NA_ng_NA_NA_y11dlrpmmbtu,Energy Prices: Electric Power: Natural Gas,1-0,United States,4.822232,2011 $/mill Btu,2013
2018,PROJECTION,ref2013,Reference case,3,Energy Prices by Sector and Source,prce_ene_elep_NA_ng_NA_NA_y11dlrpmmbtu,Energy Prices: Electric Power: Natural Gas,1-0,United States,4.702611,2011 $/mill Btu,2013
2017,PROJECTION,ref2013,Reference case,3,Energy Prices by Sector and Source,prce_ene_elep_NA_ng_NA_NA_y11dlrpmmbtu,Energy Prices: Electric Power: Natural Gas,1-0,United States,4.448673,2011 $/mill Btu,2013
2016,PROJECTION,ref2013,Reference case,3,Energy Prices by Sector and Source,prce_ene_elep_NA_ng_NA_NA_y11dlrpmmbtu,Energy Prices: Electric Power: Natural Gas,1-0,United States,4.282618,2011 $/mill Btu,2013
2015,PROJECTION,ref2013,Reference case,3,Energy Prices by Sector and Source,prce_ene_elep_NA_ng_NA_NA_y11dlrpmmbtu,Energy Prices: Electric Power: Natural Gas,1-0,United States,3.842071,2011 $/mill Btu,2013
2014,PROJECTION,ref2013,Reference case,3,Energy Prices by Sector and Source,prce_ene_elep_NA_ng_NA_NA_y11dlrpmmbtu,Energy Prices: Electric Power: Natural Gas,1-0,United States,3.758219,2011 $/mill Btu,2013
2013,PROJECTION,ref2013,Reference case,3,Energy Prices by Sector and Source,prce_ene_elep_NA_ng_NA_NA_y11dlrpmmbtu,Energy Prices: Electric Power: Natural Gas,1-0,United States,3.71553,2011 $/mill Btu,2013
2012,HISTORIC,ref2013,Reference case,3,Energy Prices by Sector and Source,prce_ene_elep_NA_ng_NA_NA_y11dlrpmmbtu,Energy Prices: Electric Power: Natural Gas,1-0,United States,3.321756,2011 $/mill Btu,2013
2011,HISTORIC,ref2013,Reference case,3,Energy Prices by Sector and Source,prce_ene_elep_NA_ng_NA_NA_y11dlrpmmbtu,Energy Prices: Electric Power: Natural Gas,1-0,United States,4.774714,2011 $/mill Btu,2013
2010,HISTORIC,ref2013,Reference case,3,Energy Prices by Sector and Source,prce_ene_elep_NA_ng_NA_NA_y11dlrpmmbtu,Energy Prices: Electric Power: Natural Gas,1-0,United States,5.258165,2011 $/mill Btu,2013
2040,PROJECTION,ref2014,Reference case,3,Energy Prices by Sector and Source,prce_ene_elep_na_ng_na_na_y12dlrpmmbtu,Energy Prices: Electric Power: Natural Gas,1-0,United States,8.158767,2012 $/mill Btu,2014
2039,PROJECTION,ref2014,Reference case,3,Energy Prices by Sector and Source,prce_ene_elep_na_ng_na_na_y12dlrpmmbtu,Energy Prices: Electric Power: Natural Gas,1-0,United States,7.89745,2012 $/mill Btu,2014
2038,PROJECTION,ref2014,Reference case,3,Energy Prices by Sector and Source,prce_ene_elep_na_ng_na_na_y12dlrpmmbtu,Energy Prices: Electric Power: Natural Gas,1-0,United States,7.678294,2012 $/mill Btu,2014
2037,PROJECTION,ref2014,Reference case,3,Energy Prices by Sector and Source,prce_ene_elep_na_ng_na_na_y12dlrpmmbtu,Energy Prices: Electric Power: Natural Gas,1-0,United States,7.630439,2012 $/mill Btu,2014
2036,PROJECTION,ref2014,Reference case,3,Energy Prices by Sector and Source,prce_ene_elep_na_ng_na_na_y12dlrpmmbtu,Energy Prices: Electric Power: Natural Gas,1-0,United States,7.5708,2012 $/mill Btu,2014
2035,PROJECTION,ref2014,Reference case,3,Energy Prices by Sector and Source,prce_ene_elep_na_ng_na_na_y12dlrpmmbtu,Energy Prices: Electric Power: Natural Gas,1-0,United States,7.286816,2012 $/mill Btu,2014
2034,PROJECTION,ref2014,Reference case,3,Energy Prices by Sector and Source,prce_ene_elep_na_ng_na_na_y12dlrpmmbtu,Energy Prices: Electric Power: Natural Gas,1-0,United States,7.090917,2012 $/mill Btu,2014
2033,PROJECTION,ref2014,Reference case,3,Energy Prices by Sector and Source,prce_ene_elep_na_ng_na_na_y12dlrpmmbtu,Energy Prices: Electric Power: Natural Gas,1-0,United States,6.93056,2012 $/mill Btu,2014
2032,PROJECTION,ref2014,Reference case,3,Energy Prices by Sector and Source,prce_ene_elep_na_ng_na_na_y12dlrpmmbtu,Energy Prices: Electric Power: Natural Gas,1-0,United States,6.726566,2012 $/mill Btu,2014
2031,PROJECTION,ref2014,Reference case,3,Energy Prices by Sector and Source,prce_ene_elep_na_ng_na_na_y12dlrpmmbtu,Energy Prices: Electric Power: Natural Gas,1-0,United States,6.617071,2012 $/mill Btu,2014
2030,PROJECTION,ref2014,Reference case,3,Energy Prices by Sector and Source,prce_ene_elep_na_ng_na_na_y12dlrpmmbtu,Energy Prices: Electric Power: Natural Gas,1-0,United States,6.493428,2012 $/mill Btu,2014
2029,PROJECTION,ref2014,Reference case,3,Energy Prices by Sector and Source,prce_ene_elep_na_ng_na_na_y12dlrpmmbtu,Energy Prices: Electric Power: Natural Gas,1-0,United States,6.243704,2012 $/mill Btu,2014
2028,PROJECTION,ref2014,Reference case,3,Energy Prices by Sector and Source,prce_ene_elep_na_ng_na_na_y12dlrpmmbtu,Energy Prices: Electric Power: Natural Gas,1-0,United States,6.027669,2012 $/mill Btu,2014
2027,PROJECTION,ref2014,Reference case,3,Energy Prices by Sector and Source,prce_ene_elep_na_ng_na_na_y12dlrpmmbtu,Energy Prices: Electric Power: Natural Gas,1-0,United States,5.9052,2012 $/mill Btu,2014
2026,PROJECTION,ref2014,Reference case,3,Energy Prices by Sector and Source,prce_ene_elep_na_ng_na_na_y12dlrpmmbtu,Energy Prices: Electric Power: Natural Gas,1-0,United States,5.814001,2012 $/mill Btu,2014
2025,PROJECTION,ref2014,Reference case,3,Energy Prices by Sector and Source,prce_ene_elep_na_ng_na_na_y12dlrpmmbtu,Energy Prices: Electric Power: Natural Gas,1-0,United States,5.757717,2012 $/mill Btu,2014
2024,PROJECTION,ref2014,Reference case,3,Energy Prices by Sector and Source,prce_ene_elep_na_ng_na_na_y12dlrpmmbtu,Energy Prices: Electric Power: Natural Gas,1-0,United States,5.622217,2012 $/mill Btu,2014
2023,PROJECTION,ref2014,Reference case,3,Energy Prices by Sector and Source,prce_ene_elep_na_ng_na_na_y12dlrpmmbtu,Energy Prices: Electric Power: Natural Gas,1-0,United States,5.420061,2012 $/mill Btu,2014
2022,PROJECTION,ref2014,Reference case,3,Energy Prices by Sector and Source,prce_ene_elep_na_ng_na_na_y12dlrpmmbtu,Energy Prices: Electric Power: Natural Gas,1-0,United States,5.294342,2012 $/mill Btu,2014
2021,PROJECTION,ref2014,Reference case,3,Energy Prices by Sector and Source,prce_ene_elep_na_ng_na_na_y12dlrpmmbtu,Energy Prices: Electric Power: Natural Gas,1-0,United States,5.242337,2012 $/mill Btu,2014
2020,PROJECTION,ref2014,Reference case,3,Energy Prices by Sector and Source,prce_ene_elep_na_ng_na_na_y12dlrpmmbtu,Energy Prices: Electric Power: Natural Gas,1-0,United States,5.074411,2012 $/mill Btu,2014
2019,PROJECTION,ref2014,Reference case,3,Energy Prices by Sector and Source,prce_ene_elep_na_ng_na_na_y12dlrpmmbtu,Energy Prices: Electric Power: Natural Gas,1-0,United States,5.17942,2012 $/mill Btu,2014
2018,PROJECTION,ref2014,Reference case,3,Energy Prices by Sector and Source,prce_ene_elep_na_ng_na_na_y12dlrpmmbtu,Energy Prices: Electric Power: Natural Gas,1-0,United States,5.062103,2012 $/mill Btu,2014
2017,PROJECTION,ref2014,Reference case,3,Energy Prices by Sector and Source,prce_ene_elep_na_ng_na_na_y12dlrpmmbtu,Energy Prices: Electric Power: Natural Gas,1-0,United States,4.690567,2012 $/mill Btu,2014
2016,PROJECTION,ref2014,Reference case,3,Energy Prices by Sector and Source,prce_ene_elep_na_ng_na_na_y12dlrpmmbtu,Energy Prices: Electric Power: Natural Gas,1-0,United States,4.474802,2012 $/mill Btu,2014
2015,PROJECTION,ref2014,Reference case,3,Energy Prices by Sector and Source,prce_ene_elep_na_ng_na_na_y12dlrpmmbtu,Energy Prices: Electric Power: Natural Gas,1-0,United States,4.428498,2012 $/mill Btu,2014
2014,PROJECTION,ref2014,Reference case,3,Energy Prices by Sector and Source,prce_ene_elep_na_ng_na_na_y12dlrpmmbtu,Energy Prices: Electric Power: Natural Gas,1-0,United States,4.469414,2012 $/mill Btu,2014
2013,HISTORIC,ref2014,Reference case,3,Energy Prices by Sector and Source,prce_ene_elep_na_ng_na_na_y12dlrpmmbtu,Energy Prices: Electric Power: Natural Gas,1-0,United States,4.320632,2012 $/mill Btu,2014
2012,HISTORIC,ref2014,Reference case,3,Energy Prices by Sector and Source,prce_ene_elep_na_ng_na_na_y12dlrpmmbtu,Energy Prices: Electric Power: Natural Gas,1-0,United States,3.437873,2012 $/mill Btu,2014
2011,HISTORIC,ref2014,Reference case,3,Energy Prices by Sector and Source,prce_ene_elep_na_ng_na_na_y12dlrpmmbtu,Energy Prices: Electric Power: Natural Gas,1-0,United States,4.881901,2012 $/mill Btu,2014
